source_file,vessel_id,target_type,hull_count,hull_type,propulsion,length_overall_ft,beam_ft,draft_ft,displacement_kg,hull_material,engine_count,engine_type,fuel_type,sail_area_sqft,mast_count,rig_type,cabin_count,berth_count,year_built,price_usd,location_country,builder,model,condition,engine_hours,max_speed_knots,cruising_speed_knots,range_nm,fuel_capacity_l,water_capacity_l,generator_onboard,air_conditioning,flybridge,helm_count,beam_to_length_ratio,brand_popularity_score,electronics_score,safety_gear_score,photos_count,has_trailer,listing_description,created_at
monohull_000.pdf,SO409-2014-AN-1127,Sailboat,1,"Monohull - Fin keel, spade rudder","Sail + Inboard Diesel (Yanmar 40 hp, saildrive)",40.49,13.09,6.89,7350,Fiberglass (GRP),1,Yanmar 3JH5E 40 hp inboard diesel (saildrive),Diesel,902,1,Bermuda sloop (fractional),2,6,2014,189000,United States,Jeanneau,Sun Odyssey 409,Used - Excellent,1150,8.2,7.0,380,200,530,True,True,False,2,0.323,86,88,92,42,False,"2014 Jeanneau Sun Odyssey 409 in excellent condition, professionally maintained and smartly equipped for comfortable cruising. This popular Philippe Briand design delivers a balanced, easily driven hull with a responsive twin-wheel cockpit and a deep fin keel for confident upwind performance. At 40.49 ft LOA and a generous 13.09 ft beam, she offers a spacious, ergonomic deck plan with all lines led aft for safe, short-handed sailing. The fractional sloop rig carries 902 sq ft of sail, featuring an in-mast furling mainsail and furling genoa for effortless control. Auxiliary power is a reliable Yanmar 3JH5E 40 hp diesel on a saildrive, providing a 7.0-knot cruise and an approx. 380 nm range on the 200 L fuel tank. Twin wheels, a fold-down swim platform, electric windlass, and wide side decks make days on the water easy and enjoyable. Below, the bright two-cabin, one-head layout sleeps six, with a forward owner’s cabin, a large aft cabin, and a convertible salon settee. The L-shaped galley includes a gimbaled stove/oven, top/front-load refrigeration, and ample storage. Comfort systems include reverse-cycle air conditioning and a Fischer Panda 4 kW generator for true off-grid capability. Electronics are cruise-ready: Raymarine chartplotter, autopilot, AIS transceiver, wind/depth/speed instrumentation, and radar. Safety is well covered with an EPIRB, jacklines, offshore lifejackets with tethers, liferaft, and an up-to-date flare kit. This Sun Odyssey 409 is a turnkey coastal cruiser with the pedigree, performance, and equipment to go now.",2025-11-14T14:07:00Z
monohull_001.pdf,CT445-2014-00873,Sailboat,1,Monohull,Sail + Inboard Diesel,44.42,13.67,6.83,10433,Fiberglass (GRP),1,Yanmar 4JH5E 54 hp Inboard Diesel,Diesel,1020,1,Sloop (Furling Main & 135% Genoa),2,6,2014,279000,United States,Catalina Yachts,Catalina 445,Used - Excellent,1145,8.5,7.2,520,250,680,True,True,False,2,0.31,86,88,90,36,False,"This 2014 Catalina 445 is a well-equipped, two-cabin/Two-head bluewater cruiser that combines American build quality with comfortable cruising performance. With a versatile sail plan, dual helms, and a powerful Yanmar 54 hp diesel, she is set up for confident coastal or offshore voyaging. The spacious cockpit features twin wheels with excellent visibility, wide coamings, an electric primary winch to simplify sail handling, and a walk-through transom for easy boarding. Interior - Two private cabins (fore and aft) plus convertible salon berth; sleeps 6 comfortably - Two heads with separate showers; electric flush in forward head - Satin-finished teak joinery, abundant natural light, and generous storage throughout - Reverse-cycle air conditioning and heat (two zones) - U-shaped galley with front/top-load fridge/freezer, gimbaled 3-burner stove/oven, microwave, and deep double sinks Rig & Sails - Anodized aluminum mast with split backstay; single-spreader rig - Furling mainsail and 135% furling genoa (both serviced 2024; main replaced 2021) - Rigid boom vang; adjustable traveler; inboard genoa tracks for proper sheeting angles - Sail area approx. 1,020 sq ft for balanced power and easy handling Deck & Hardware - Electric primary winch (starboard) for sheets/halyards; all lines led aft - Lewmar self-tailing winches; solid stainless handrails and lifelines - Wide side decks, molded non-skid, and large anchor locker with electric windlass - Cockpit table with folding leaves and integrated storage Machinery & Systems - Yanmar 4JH5E 54 hp inboard diesel (approx. 1,145 hours), professionally serviced annually - Northern Lights 5 kW diesel generator (approx. 420 hours), sound-shielded - 250 L fuel and 680 L water tankage; hot water via engine/shore power - Cruising 7.2 knots; ~520 nm motoring range at economical RPM - 12V DC and 120V AC systems with inverter/charger; upgraded LED lighting Electronics & Navigation - 12-inch multifunction chartplotter at helm with GPS - Broadband radar, AIS transceiver, and integrated autopilot - Depth/speed/wind instruments, VHF with cockpit remote mic - Stereo with salon and cockpit speakers Safety & Ground Tackle - Electric windlass with 55 lb anchor and all-chain rode - Jacklines, harness points, EPIRB, and offshore-rated life raft (service current in 2024) - Manual and electric bilge pumps; complete offshore flare kit; fire extinguishers - Cockpit and companionway weatherboards, high-visibility deck lighting Recent Service/Upgrades (2023–2025) - Bottom stripped and epoxy barrier coated, new antifoul (2024) - Engine and generator full services including impellers and heat exchangers (2024/2025) - Standing rigging inspection (2023), running rigging refreshed (2024) - House batteries replaced with high-capacity AGM bank (2023) - Sails cleaned/inspected (2024), new UV covers on genoa (2024) This Catalina 445 presents in excellent condition and is ready for immediate cruising. Her combination of a forgiving hull form, practical systems layout, and comfortable accommodations makes her an ideal choice for couples or families stepping up to a capable, modern cruiser.",2025-11-14T12:00:00Z
monohull_002.pdf,8d2f5f5f-23b7-4e1a-9a3a-9b4b1e0f2b7c,Monohull Sailboat - Cruiser,1,Monohull,Sail + Inboard Diesel,40.5,13.9,7.2,8777,Fiberglass (GRP),1,Inboard Diesel – Yanmar 4JH45 (45 hp),Diesel,903,1,Bermuda sloop (fractional),2,6,2017,235000,United States,Beneteau,Oceanis 41.1,Used – Excellent,980,8.5,7.0,300,200,330,True,True,False,2,0.34,92,86,88,28,False,"This 2017 Beneteau Oceanis 41.1 is a clean, well-specified monohull cruiser that blends performance, comfort, and ease of handling. With a deep fin keel (7.2 ft), generous beam carried well aft, and twin wheels, she delivers a stable, responsive ride and excellent cockpit ergonomics. The wide drop-down transom forms a large swim platform for easy water access and effortless boarding from the dinghy. Below decks, the 2-cabin, 1-head layout offers a bright, airy salon with generous headroom, U-shaped dinette, and linear galley complete with a two-burner stove/oven, microwave, top/front-loading refrigeration, and ample storage. Six comfortable berths accommodate family and guests. Reverse-cycle air conditioning keeps the interior climate controlled at the dock and at anchor when running the 5 kW diesel generator. Rigged as a fractional Bermuda sloop, the 903 sq ft sail plan with furling genoa and a fully battened mainsail provides balanced power under sail. Under power, the reliable Yanmar 4JH45 (45 hp) shows 980 hours and pushes the boat at a comfortable 7 knots cruising, with a top speed around 8.5 knots. With 200 liters of fuel and typical consumption for this model, expect an approximate motoring range of 300 nautical miles in moderate conditions. Electronics include a color MFD at helm, radar, AIS transceiver, autopilot, depth/speed/wind instruments, and VHF with DSC. Shore power with smart charger, house/instrument battery banks, hot water heater, and LED lighting throughout. Safety equipment is complete and current for coastal cruising: offshore PFDs, jacklines, harness points, throwable devices, flares, fire extinguishers, CO/smoke detectors, and an emergency tiller. Highlights: - Proven Beneteau hull with forgiving handling and big-boat feel in a 41-foot package - Twin helms, wide cockpit, and fold-down transom swim platform - Bright, modern interior with 2 cabins, 6 berths, and large storage volumes - Air conditioning and 5 kW generator for true cruising comfort - Comprehensive electronics suite with radar, AIS, and autopilot - Well-maintained Yanmar 45 hp diesel with moderate hours - Shoal and deep keel variants exist; this boat is the deep keel for better upwind performance If you’re seeking a turnkey coastal cruiser that’s easy to sail shorthanded yet spacious for family cruising, this Oceanis 41.1 should be at the top of your list. Detailed service records, recent bottom paint, and a thorough pre-listing systems check are available to qualified buyers.",2025-11-14T09:30:00Z
monohull_003.pdf,BN-OC41-2014-001274,Sailboat,1,Monohull - displacement,Sail + inboard diesel,41.8,13.9,6.9,8700,Fiberglass (GRP),1,"Inboard diesel (Yanmar 3JH5E, 40 hp)",Diesel,905,1,Fractional sloop,2,6,2014,189000,United States,Beneteau,Oceanis 41,Used - Excellent,1180,8.0,6.5,280,200,530,True,True,False,2,0.333,9.1,8.6,8.8,38,False,"This 2014 Beneteau Oceanis 41 is a well-kept, two-cabin cruising sailboat that blends modern performance with comfort and simplicity. She features twin helms, a spacious cockpit with a folding transom/swim platform, and a bright, open interior designed by Nauta. Ideal for coastal cruising and week-long getaways, she’s turnkey with recent service and thoughtful upgrades. Accommodations and layout: - Two-cabin, one-head layout with separate stall shower; sleeps up to 6 (forward island queen, aft double, convertible salon) - Satin-finish light oak joinery, upgraded upholstery, abundant natural light via hull ports and overhead hatches - L-shaped galley to starboard with two-burner stove/oven, front/top-loading refrigeration, deep double sink, and solid-surface counters - Nav station to port with full-size chart table and dedicated electrical panel - Reverse-cycle air conditioning (16,000 BTU) ducted to cabins and salon Deck and rig: - Fractional sloop with in-mast furling mainsail and 105% furling genoa for easy short-handed sailing - Rigid boom vang, adjustable genoa cars, and German-style mainsheet for efficient trimming - Twin wheels with pedestal compasses and engine controls; wide side decks and sturdy lifelines - Electric windlass with 35 lb Rocna anchor, 200 ft chain + 150 ft rode - Standing rigging inspected 2023; most running rigging renewed 2022 Power and systems: - Yanmar 3JH5E 40 hp inboard diesel (approx. 1,180 hours) with saildrive; cruise ~6.5 kts, top ~8 kts - Fischer Panda 4 kW diesel generator (approx. 420 hours) powers AC and outlets away from the dock - 200 L diesel tank; 530 L fresh water; hot water via engine heat exchanger and shore/gen power - House battery bank upgraded to AGM in 2023; dedicated start battery; smart charger and 1,000 W inverter Electronics and navigation: - Raymarine Axiom 9 MFD at helm with Lighthouse charts - Raymarine Quantum radar, i70 wind/depth/speed instruments, p70 autopilot - AIS transceiver (Class B), Raymarine VHF with cockpit remote mic - Stereo with cockpit speakers and Bluetooth Safety and extras: - USCG-compliant safety kit: offshore flares (2024), Type I/II PFDs, throwables, jacklines, and harness points - EPIRB (battery due 2027), manual and electric bilge pumps, fire extinguishers serviced 2024 - Dodger and bimini with connector, cockpit cushions, hot/cold transom shower - Bottom paint and saildrive service completed spring 2024; heat exchanger serviced 2023; hull waxed 2025 Notes: - Kept in brackish water on the U.S. East Coast with regular professional maintenance - No known grounding or storm damage; records available for serious buyers - Reason for sale: Owner moving up in size This Oceanis 41 delivers balanced sailing manners, roomy accommodations, and the right equipment for comfortable cruising. Clean surveys welcome; shown by appointment in the Annapolis area.",2025-11-14T15:30:00Z
monohull_004.pdf,BN-OC46-2008-1137,Sailboat - Monohull Cruiser,1,Monohull (fin keel),Sail with auxiliary inboard diesel,46.0,14.0,6.9,10565,Fiberglass (GRP),1,"Inboard (Yanmar 4JH4-TE, 75 hp)",Diesel,1055,1,Fractional sloop,3,6,2008,179000,United States,Beneteau,Oceanis 46,Used - Very Good,1860,8.8,7.2,350,200,530,True,True,False,2,0.3,89,86,88,42,False,"Well-kept 2008 Beneteau Oceanis 46, a proven bluewater-capable family cruiser with the preferred two-wheel cockpit, deep fin keel, and a reliable Yanmar 75 hp inboard diesel. This Oceanis 46 balances performance and comfort, delivering easy sail handling with a furling genoa, fully battened mainsail with lazy jacks and stack pack, and robust deck hardware. With a generous 1,055 sq ft sail plan and a 6.9 ft draft, she tracks confidently and maintains solid passage speeds while remaining manageable for a cruising couple. The 3-cabin/2-head layout provides excellent livability: an airy saloon with U-shaped dinette, a starboard-side galley with solid-surface counters, front-opening fridge plus top-loading freezer, and abundant storage. The forward owner’s stateroom features an island berth and en-suite head; two aft cabins offer full double berths. Air conditioning keeps the interior comfortable at the dock or on the hook, supported by an onboard 6 kW generator. Large opening hatches and ports provide excellent light and ventilation. Electronics include a color chartplotter at the helm, integrated autopilot, AIS transceiver, radar, wind/depth/speed instruments, and VHF with cockpit remote—rated here with an electronics score of 86 for completeness and condition. Safety equipment is thoughtfully specified with a recent offshore-rated liferaft service, EPIRB, jacklines, harness points, and a robust ground tackle setup (electric windlass, 20 kg Rocna-style anchor with ample chain), reflected in an 88 safety score. Under power, the Yanmar 75 hp moves the boat efficiently at a 7.2-knot cruise with a top around 8.8 knots. Fuel capacity of 200 L and conservative consumption give an approximate 350 nm motoring range. Water capacity of 530 L supports extended cruising. The cockpit features dual helms, primary and secondary winches within easy reach, and a walkthrough transom with swim platform and hot/cold shower. Standing and running rigging present well; canvas includes a bimini and dodger for protection. The non-skid decks are clean, and the hull and topsides show a deep shine. Highlights: - Beneteau Oceanis 46, 2008 model year, fiberglass monohull with deep fin keel - Yanmar 4JH4-TE 75 hp diesel (approx. 1,860 hours), shaft drive, 3-blade prop - 3 cabins / 2 heads; air conditioning throughout - 6 kW generator onboard for full self-sufficiency at anchor - Modern nav suite: chartplotter, radar, AIS, autopilot, wind/depth/speed, VHF with remote mic - Furling genoa, fully battened mainsail with lazy jacks/stack pack; solid vang and traveler - Electric windlass with all-chain rode and modern scoop anchor - Twin wheel cockpit, teak accents, swim platform, and ample cockpit storage - Clean maintenance history; turnkey coastal or near-offshore cruiser This Oceanis 46 represents a compelling value for sailors seeking a comfortable, performance-oriented cruiser from a top-tier builder. Priced competitively at $179,000 and ready for inspections. Broker Notes: Additional photos available upon request",2025-11-14T10:21:00Z
monohull_005.pdf,BN-OC45-2015-1124,Sailboat (Cruiser),1,"Monohull (fin keel, spade rudder)",Sail with inboard diesel auxiliary,45.9,14.76,7.4,10500,Fiberglass (FRP),1,"Inboard diesel (Yanmar 4JH5E, 54 hp)",Diesel,1040,1,Bermudan sloop (fractional),3,8,2015,259000,United States,Bénéteau,Oceanis 45,Used - Excellent,1180,8.6,7.2,260,200,570,True,True,False,2,0.32,9,8,8,42,False,"Immaculate 2015 Bénéteau Oceanis 45, a proven bluewater-capable family cruiser that blends performance, comfort, and modern design. This two-wheel helm Oceanis 45 features the desirable 3-cabin/2-head layout with a bright, airy saloon, generous galley, and an expansive cockpit with drop-down swim platform—perfect for cruising the Chesapeake or island hopping in the Bahamas. Powered by a reliable Yanmar 4JH5E 54 hp diesel (1,180 hours), she cruises efficiently at 7–7.5 knots and approaches hull speed when conditions allow. A deep fin keel (approx. 7.4 ft draft) and balanced spade rudder provide confident handling and good upwind performance. The mainsail and furling genoa deliver approximately 1,040 sq ft of sail area, and the fractional sloop rig keeps sail handling straightforward for a couple or short-handed crew. The interior showcases Bénéteau’s Alpi woodwork with ample natural light from hull and deck windows. The owner’s forward cabin includes an island berth and en-suite head with separate shower. Two generous aft cabins share a second head. Convertible saloon seating allows sleeping for up to eight. Climate control is excellent thanks to shore-power air conditioning and a 5 kW diesel generator for comfort at anchor. Large tankage—570 L fresh water and 200 L fuel—supports extended cruising. Electronics and equipment are cruise-ready: twin pedestal helms each with B&G multifunction displays, radar, AIS transceiver, autopilot, wind/speed/depth sensors, and a below-deck chart table station. Safety kit includes offshore lifejackets with tethers, jacklines, EPIRB, drogue, and a 6-person coastal liferaft (service current). Ground tackle features a 25 kg Rocna with 200 ft chain, plus secondary anchor—ideal for varied bottom conditions. Recent service highlights include: engine service and impeller (spring 2025), bottom paint and zincs (2025), standing rig inspection (2024), new house batteries (AGM, 2024), and running rigging refresh (select lines, 2024). Sails are in very good condition; mainsail with lazy bag and furling genoa; asymmetrical cruising chute included. Notable features: - Twin helms with wide, safe cockpit and folding table - Electric windlass with cockpit and bow controls - Drop-down transom/swim platform with swim ladder and hot/cold cockpit shower - 5 kW diesel generator, shore-power air conditioning, and water heater - Large, functional L-shaped galley with front/top-load refrigeration and 2-burner stove/oven - B&G electronics suite: dual chartplotters, radar, AIS, autopilot, wind/depth/speed - Safety package to coastal/offshore standard, EPIRB included - Dinghy chocks on platform and outboard bracket (dinghy/outboard negotiable) With its balance of performance and comfort, this Oceanis 45 is an ideal turnkey cruiser for a family or couple looking to step into a well-equipped, well-cared-for yacht in excellent condition. Priced competitively at $259,000 USD for a prompt sale. Viewings by appointment.",2025-11-14T15:32:00Z
monohull_006.pdf,OC45-2016-000872,Sailboat,1,Monohull,Sail with inboard diesel auxiliary,45.8,14.75,7.4,10550,Fiberglass (GRP),1,"Inboard diesel (Yanmar 4JH5E, 54 hp, saildrive)",Diesel,1020,1,"Fractional sloop, furling mainsail and genoa",3,6,2016,279000,United States,Beneteau,Oceanis 45,Used - Excellent,1180,9.5,7.5,420,200,570,True,True,False,2,0.322,89,87,90,38,False,"Well cared-for and thoughtfully upgraded 2016 Beneteau Oceanis 45, 3-cabin/2-head owner’s layout. A proven bluewater-capable family cruiser that balances performance, comfort, and ease of handling. The powerful yet manageable fractional sloop rig features an in-mast furling mainsail and furling genoa (recent service 2024) delivering efficient sailing across a wide wind range. Twin helms provide excellent visibility and easy cockpit flow, with a wide drop-down swim platform for effortless water access. The reliable Yanmar 4JH5E 54 hp diesel (approx. 1180 hours) with saildrive pushes the boat at a comfortable 7–8 knots; expect roughly 420 nm motoring range on the 200 L fuel tank. Onan 5 kW diesel generator (approx. 620 hours) supports air conditioning and house systems off-grid. Electrical upgrades include a high-output alternator, smart charging, and a robust 12V/110V distribution with inverter. Electronics suite is cruise-ready: dual B&G Zeus chartplotters at each helm, broadband radar, AIS transceiver, B&G autopilot with remote, wind/depth/speed sensors, and VHF with DSC and cockpit RAM mic. Ground tackle includes a 25 kg Rocna on a powered windlass with ample chain. Additional equipment: bow thruster, electric primary winches, cockpit enclosure, sunshades, and custom cockpit cushions. Interior is light and airy with Alpi wood joinery, U-shaped galley (3-burner stove/oven, front/top-load refrigeration, separate freezer), generous storage, and a spacious owner’s stateroom forward with island berth and ensuite. Two aft cabins share a large second head. Hot water via engine/shore/gen set. Safety inventory is comprehensive: offshore PFDs/tethers, jacklines, EPIRB, 6-person canister liferaft (service due 2027), flares, and comprehensive spares. Recent maintenance includes bottom paint and zincs (2024), engine and saildrive service (2024), and standing/running rig checks (2024). Turn-key and ready for the season. Broker Notes: Additional photos available upon request",2025-11-14T10:22:00Z
monohull_007.pdf,BN-OC45-2016-AN-00123,Sailboat (Monohull),1,Monohull,Sail + Inboard Diesel,45.5,14.76,7.4,10500,Fiberglass (GRP),1,"Inboard Diesel (Yanmar 4JH5E, 54 hp)",Diesel,1080,1,Fractional Sloop,3,6,2016,279000,United States,Beneteau,Oceanis 45,Used - Excellent,1180,8.5,7,230,200,530,True,True,False,2,0.32,88,86,90,42,False,"2016 Beneteau Oceanis 45 in outstanding condition, thoughtfully outfitted for comfortable cruising and easy shorthanded sailing. This popular 3-cabin/2-head layout features a bright, airy salon with generous headroom, twin aft cabins, and a spacious owner’s cabin forward. Twin helms, wide side decks, and a solid fractional sloop rig deliver confidence and performance, while the cockpit’s fold-down transom becomes a large swim platform for effortless water access.
 Highlights
 - Yanmar 4JH5E 54 hp diesel (approx. 1,180 hrs), shaft drive, 3-blade fixed prop; cruise ~7 knots
 - Fischer Panda 6.4 kW generator (approx. 420 hrs)
 - 16,000 BTU reverse-cycle air conditioning
 - In-mast furling mainsail (2022) and 106% furling genoa (2022) in premium Dacron; Code 0 on furler (2023)
 - Standing rigging inspected 2023; running rigging replaced 2022–2024 as needed
 - Raymarine electronics suite: Axiom 12 MFD at helm, Quantum radar, i70s wind/depth/speed, EV-200 autopilot with p70s control head, AIS transceiver, VHF with cockpit remote
 - Electrical: 60A alternator, 40A shore charger, 400W solar on arch with MPPT controller, 4 x 100Ah AGM house bank (2023), dedicated start battery (2023)
 - Ground tackle: 25 kg Rocna anchor, 200 ft 5/16"" chain + 150 ft rode, electric windlass with remote
 - Safety: 6-person offshore liferaft (serviced 2024), EPIRB (battery 2024), jacklines, offshore PFDs with tethers, MOB recovery gear, flares (2024), fire extinguishers, CO/smoke detectors
 - Comfort and galley: 2-burner LPG stove/oven, top/front-load refrigeration, separate top-load freezer, hot water heater, full canvas package (bimini, dodger, connector new 2023), cockpit cushions, transom grill mount
 - Deck and handling: German-style mainsheet to coachroof, electric cabin-top winch, two primary self-tailing winches, Selden spar, rigid boom vang, adjustable genoa cars, bow thruster
 - Recent care: Bottom soda-blasted and barrier-coated 2023; antifouled 2024. Engine serviced spring 2025 (oil, filters, impeller). Hull/wax detail 2025.
 Performance and Range
 - Efficient hull with deep keel (7.4 ft) balances upwind power and stability; typical cruising 6.5–7.2 knots under power, 7–8+ knots under sail depending on conditions.
 - Fuel capacity 200 L supports an approximate motoring range of 230 nm at conservative cruise and typical consumption.
 - Water capacity 530 L supports extended weekends to week-long cruises comfortably.
 Why This Oceanis 45
 - Sought-after brand and model with strong resale value
 - Thoughtful upgrades (generator, solar, electronics) for independent cruising
 - Clean mechanicals, low hours for age, and current service records
 - Turn-key and ready for the season; located in the United States with clear title",2025-11-14T10:26:00Z
monohull_008.pdf,JEN-42i-2010-US-001,Monohull Sailboat,1,Monohull,Sail with Inboard Diesel (Shaft Drive),42.2,13.55,7,8300,Fiberglass (GRP),1,Yanmar 4JH5E 54 hp Inboard Diesel,Diesel,989,1,Fractional Sloop,3,7,2010,179000,United States,Jeanneau (France),Sun Odyssey 42i,Used - Excellent,1480,8.8,7.2,280,130,355,True,True,False,2,0.32,89,85,90,38,False,"This 2010 Jeanneau Sun Odyssey 42i is a well-kept, performance-oriented cruising monohull designed by Philippe Briand. The 3-cabin/2-head layout provides excellent volume, with a bright saloon, 6’6” headroom, and an L-shaped galley ideal for passagemaking or extended coastal cruising. Twin helms open up the cockpit for easy movement and convenient stern access for swimming and dinghy boarding. Power is a reliable Yanmar 4JH5E 54 hp diesel (approx. 1,480 hours) with shaft drive, serviced annually; recent service includes oil/filters (2024), impeller (2024), heat exchanger service (2023), and a dripless shaft seal (2022). Under power she cruises efficiently around 7.2 knots with an approximate range of 280 nm on the 130 L fuel tank. Under sail, the fractional sloop rig is balanced and responsive. Sail inventory includes a fully-battened mainsail (2020) with lazy jacks and stack pack, and a 135% furling genoa (2021). Standing rigging inspected in 2022; most running rigging updated 2023. Electronics are cruising-ready: Raymarine Axiom 9 MFD with GPS/Chartplotter, Quantum radar, i70 wind/depth/speed, EV-200 autopilot with below-decks drive, AIS 700 Class B transceiver, and VHF with DSC and remote cockpit mic. 12V systems include 400 W solar with MPPT controller, a 2000 W inverter/charger, and house bank of 4 x 100 Ah AGM batteries (2022). Comfort systems include reverse-cycle air conditioning (~16,000 BTU) and a Fischer Panda 4 kW genset for off-grid cooling and charging. LED cabin and navigation lighting, hot water via engine/shore, and pressurized water from twin tanks (355 L total) round out the live-aboard amenities. Deck and ground tackle are cruise-ready: electric windlass with a 25 kg Rocna primary anchor and 200 ft of 5/16"" chain plus nylon rode. Safety gear is comprehensive for coastal cruising: 6-person valise liferaft (service current as of 2023), ACR EPIRB, jacklines, harness points, offshore PFDs, flares, dual electric bilge pumps plus manual, and a full set of fire extinguishers. Overall, this 42i offers a desirable blend of performance, comfort, and reliability in a versatile size—equally at home on a family weekend or an island-hopping passage.",2025-11-14T15:30:00Z
monohull_009.pdf,VSL-2025-1143,Sailboat (Cruiser),1,"Monohull (fin keel, spade rudder)",Sail + inboard diesel (shaft drive),40.5,13.1,6.9,7861,Fiberglass (GRP),1,"Inboard diesel (Yanmar 3JH5E, 40 hp)",Diesel,915,1,Fractional sloop,3,6,2013,199000,United States,Jeanneau,Sun Odyssey 409,Used - Excellent,1380,7.8,6.5,520,200,530,True,True,False,2,0.323,88,86,90,45,False,"Immaculate 2013 Jeanneau Sun Odyssey 409, a proven performance cruiser that blends modern hull design with a generous, easy-to-handle sail plan. This 3-cabin/2-head layout offers remarkable space for a 40-footer, with twin wheels in the cockpit for excellent helm ergonomics and a wide, secure passagemaking deck. The boat shows extremely well with low-time Yanmar power, recent electronics, and desirable cruising upgrades suited for extended coastal cruising or comfortable island hops. On deck, the fractional sloop rig with German-style mainsheet, Lewmar winches, and a deep fin keel delivers confident upwind ability and balanced helm feel. Sail inventory includes a fully battened mainsail and 135% genoa (both in very good condition), plus a light-air Code 0 on a furler for effortless reaching. Under power, the reliable Yanmar 3JH5E 40 hp moves the boat efficiently at a 6.5-knot cruise, with approximately 1,380 engine hours. Twin helms, a fold-down swim platform, and wide cockpit seating make days under way and at anchor equally enjoyable. Below, the Sun Odyssey 409 impresses with a bright, airy salon, U-shaped dinette, and linear galley equipped with a gimballed stove/oven, top/front-load refrigeration, and ample storage. Three private cabins sleep six comfortably, complemented by two heads with shower facilities. Climate comfort is ensured by shore-power air conditioning; a compact diesel generator provides power at anchor for battery charging and light hotel loads. Large water capacity (530 L) and efficient systems extend your time off-grid. Electronics include a modern MFD at the helm, autopilot, AIS transceiver, wind/depth/speed instruments, VHF with remote mic, and stereo with cockpit speakers. Safety is well covered with a 6-person coastal liferaft (service current), EPIRB, jacklines, harness points, offshore PFDs, and a complete flare and signaling kit. Ground tackle features a primary 20 kg anchor on all-chain rode with robust windlass. Highlights: - Jeanneau Sun Odyssey 409, 2013 model year, 3-cabin/2-head layout - Yanmar 40 hp inboard diesel (approx. 1,380 hrs), shaft drive - Fractional sloop rig, fin keel, twin wheels; main and 135% genoa in very good condition - Generator onboard; shore-power air conditioning - Modern electronics suite with autopilot and AIS - 200 L fuel, 530 L water; practical 520 nm motoring range at efficient speeds - Excellent overall condition; turnkey coastal cruiser This Sun Odyssey 409 represents one of the most balanced packages in the 40-foot class—quick, comfortable, and simple to sail short-handed. Currently located in the United States and shown by appointment. All specifications believed accurate but not guaranteed—subject to buyer verification. Broker Notes: Additional photos available upon request",2025-11-14T10:22:00Z
monohull_010.pdf,BN-OC45-2016-00872,Sailboat,1,Monohull,Sail + inboard diesel,45.75,14.76,7.44,10500,Fiberglass (GRP),1,"Inboard diesel (Yanmar 4JH5E, 54 hp, saildrive)",Diesel,1030,1,"Fractional sloop (Bermudan), in-mast furling mainsail",3,6,2016,269000,United States,Beneteau,Oceanis 45,Used - Excellent,1280,8.5,7.2,320,200,570,True,True,False,2,0.323,92,87,90,42,False,"Offered in excellent condition, this 2016 Beneteau Oceanis 45 is the sought-after 3-cabin/2-head layout, combining effortless sailing with comfortable, modern cruising amenities. The deep-keel configuration (approx. 7’5” draft) delivers confident upwind performance, while twin wheels and a wide, ergonomic cockpit make handling a pleasure under sail or power. A Yanmar 54 hp diesel (approx. 1,280 hours) with saildrive provides reliable auxiliary power; expect an efficient 7–7.5 knots at cruise with roughly 320 nm range from the 200 L fuel tank. Sail plan includes in-mast furling mainsail with vertical battens and a furling genoa, led aft to the cockpit for easy short-handed operation; all running rigging is in very good order. Below, the bright, airy salon features generous seating, a convertible dining area, and a well-equipped L-galley with top/front-loading refrigeration and plentiful storage. Three private cabins sleep six comfortably, with a spacious owner’s cabin forward and two guest cabins aft. Two electric heads with separate shower spaces enhance liveaboard comfort. Climate control comes via reverse-cycle air conditioning, and a 6 kW generator supports quiet anchorage life alongside a robust 12V/110V electrical system. Electronics are cruise-ready: B&G multifunction chartplotter at helm, radar, AIS transceiver, autopilot, wind/depth/speed instruments, VHF with cockpit RAM mic, and integrated networking. Safety gear is comprehensive, including offshore-grade PFDs, jacklines, EPIRB, and a 6-person liferaft (recent service). Deck equipment includes an electric windlass with ample chain, a rigid dodger and bimini, cockpit cushions, hot/cold transom shower, and teak cockpit table. Recent maintenance highlights: bottom paint and saildrive service in 2024; standing rig inspection 2024; engine and generator serviced 2025 season. This Oceanis 45 presents as a turnkey coastal/offshore family cruiser—clean, well-maintained, and smartly equipped.",2025-11-14T12:00:00Z
monohull_011.pdf,BN-OC45-2015-14523,Sailboat,1,Monohull (fin keel),Sail + single inboard diesel (saildrive),45.8,14.8,7.4,10600,Fiberglass (FRP),1,"Yanmar 4JH57, 57 hp inboard diesel (saildrive)",Diesel,1075,1,Fractional sloop,3,6,2015,269000,United States,Beneteau,Oceanis 45,Used - Excellent,1145,8.8,7.2,350,200,370,True,True,False,2,0.323,89,86,91,41,False,"This 2015 Beneteau Oceanis 45 is a superbly equipped, owner-maintained cruising sailboat that blends performance, comfort, and safety in a modern package. With the popular 3-cabin, 2-head layout, she offers generous accommodations for family cruising or extended passages. Twin helms, a wide cockpit with drop-down transom swim platform, and a bright, airy interior by Nauta Design make life aboard easy and enjoyable. Sailing and deck: The fractional sloop rig with in-mast furling mainsail and 140% furling genoa delivers reliable performance and simple handling. All lines lead aft to the cockpit with electric primary winches for easy short-handed sailing. The boat tracks well and remains balanced across a wide wind range. Deep fin keel (approx. 7.4 ft draft) provides excellent upwind ability. Ground tackle includes a 25 kg Rocna anchor on bow roller with 200 ft chain and electric windlass. Cockpit features a large fold-out table, excellent storage, and dual wheels for optimal visibility. Power and systems: Powered by a Yanmar 4JH57 57 hp diesel on saildrive (approx. 1,145 hours), cruising speed is a comfortable 7–7.5 knots with top speed near 8.8 knots. A factory 200 L fuel tank provides roughly 300–400 nm of range depending on conditions; we rate it at 350 nm conservatively. A Cummins Onan 5 kW diesel generator supports air conditioning (reverse-cycle), battery charging, and house loads away from the dock. Additional systems include a bow thruster, hot water heater, and large capacity house battery bank with smart charging. Electronics and nav: Raymarine suite with Axiom 12 MFD at helm, Quantum radar, Evolution autopilot with p70 control, AIS transceiver, i70 wind/speed/depth, and Raymarine VHF with DSC and remote handset. Integrated charting and radar overlay make coastal passages simple and safe. Interior: The saloon is bright with large hull windows and overhead hatches. U-shaped dinette to starboard with settee to port; galley forward of the companionway with front-opening fridge, top-loading freezer, gimbaled LPG stove/oven, double stainless sinks, and abundant storage. Three cabins include a spacious island-berth owner’s cabin forward with ensuite head and separate shower; two generous aft cabins share a second head with shower. Quality joinery and LED lighting throughout. Safety and gear: Offshore-ready with 6-person liferaft (current service), EPIRB, jacklines, harness points, throwable devices, and a full complement of fire extinguishers. Manual and electric bilge pumps, CO/Smoke detectors, and high-water alarm installed. Recent care and upgrades: Regular engine and saildrive servicing; hull and deck polished, bottom paint within last season; running rigging refreshed as needed. Sails inspected and in good condition. Why this boat: The Oceanis 45 is known for a stable ride, voluminous interior, and easy handling. This example adds sought-after equipment like generator, air conditioning, electric winches, bow thruster, and a modern Raymarine electronics suite—ideal for a couple or family ready to step aboard and go. Located in the United States with clear title and maintenance records available for serious buyers. Pre-purchase survey and sea trial welcomed by appointment.",2025-11-14T12:00:00Z
monohull_012.pdf,VSL-20251114-OC45-9837,Sail - Cruiser,1,Monohull,Sail + Inboard Diesel,45.75,14.75,7.42,10500,Fiberglass (GRP),1,"Inboard (Yanmar 4JH5E, 54 HP)",Diesel,1038,1,Bermuda Sloop (Fractional),3,6,2015,279000,United States,Beneteau,Oceanis 45,Used - Excellent,1180,8.3,7.0,340,200,530,True,True,False,2,0.32,90,87,92,38,False,"2015 Beneteau Oceanis 45 in excellent condition, thoughtfully equipped for comfortable passagemaking and easy coastal cruising. This popular 3-cabin, 2-head layout offers a spacious owner’s stateroom forward with an island berth, two generous aft cabins, and a bright saloon with U-shaped dinette. The L-shaped galley features a top/front-load refrigerator, 3-burner gas stove/oven, double stainless sink, and ample dry storage. Sail plan features an in-mast furling mainsail and 106% furling genoa for effortless short-handed sailing, supported by electric primary winches, German-style mainsheet, and a rigid boom vang. Twin helms with leather-wrapped wheels, wide side decks, and Beneteau’s signature fold-down transom platform make cockpit life safe and enjoyable. Performance is predictable and balanced, with a reliable Yanmar 54 HP inboard diesel pushing the boat at a comfortable 7 knots while returning practical fuel economy. Electronics suite includes a Raymarine chartplotter (Axiom 9) at the helm, Raymarine EV-200 autopilot, i70s multifunction displays, Quantum radar dome, AIS transceiver, depth/speed/wind sensors, and Raymarine VHF with DSC and remote mic. Shore power, a 5 kW Onan generator, and 16,000 BTU reverse-cycle air conditioning (two zones) provide true liveaboard comfort. Additional features include a Quick electric windlass with 60 m of chain and Rocna 20 kg anchor, bow thruster, full canvas (bimini and dodger), teak cockpit, cockpit table with fridge, hot/cold transom shower, and a custom passerelle mount. Safety inventory is cruise-ready: 6-person offshore liferaft (service current), 406 MHz EPIRB, jacklines, harness points, USCG-approved PFDs, flares, throwables, and an upgraded automatic fire suppression system in the engine compartment. Recent maintenance includes new standing rigging inspection (2024), bottom paint (2024), engine service with impeller and belts (2024), and house batteries replaced (AGM, 2023). A well-cared-for example with low hours, clean records, and detailed logbooks, this Oceanis 45 is turnkey for your next season.",2025-11-14T10:22:00Z
monohull_013.pdf,BN-OC41-2016-00127,Sailboat,1,Monohull,Sail with inboard diesel auxiliary,40.9,13.8,7.2,8780,Fiberglass (GRP),1,"Inboard diesel (Yanmar 4JH45, 45 hp)",Diesel,807,1,Fractional sloop,2,6,2016,219000,United States,Beneteau,Oceanis 41,Used - Excellent,1120,8.5,7.0,400,200,330,True,True,False,2,0.34,92,87,90,38,False,"This 2016 Beneteau Oceanis 41 is a clean, privately owned cruiser that hits the sweet spot of performance, comfort, and easy handling. Featuring the popular 2-cabin/1-head layout, she offers a spacious owner’s stateroom forward with an island berth, a generous aft cabin, and a bright salon with large hull windows. On deck, twin helms, wide side decks, and a drop-down transom swim platform make for effortless cruising and entertaining. Sail handling is simple with an in-mast furling mainsail and furling genoa, plus an electric windlass and optional electric coachroof winch. Under power, the reliable Yanmar 4JH45 (45 hp) shows 1,120 hours and pushes the boat at a comfortable 7 knots with excellent fuel economy. Electronics include a Raymarine Axiom touchscreen chartplotter at starboard helm, Raymarine radar, AIS transceiver, Evolution autopilot, tri-data (speed/depth/wind), VHF with DSC, and cabin/salon repeaters. The boat is climate-controlled with reverse-cycle air conditioning and a 6 kW genset for full off-grid comfort, complemented by a 2000 W inverter/charger and LED interior/exterior lighting. Interior finishes are in excellent condition with light Alpi wood joinery, large galley (front-opening fridge + top-loading freezer, two-burner stove/oven, double sink), convertible salon table, and abundant storage. Safety package is complete with offshore PFDs, jacklines, harnesses, EPIRB, MOM device, liferaft (service due next cycle), fire suppression, and COB recovery gear. Deck gear includes Lewmar self-tailing winches, solid vang, rigged for an optional asymmetric spinnaker, a full cockpit enclosure (dodger and bimini), and teak-capped cockpit seating. With a deep performance keel (7.2 ft) and balanced twin rudders, she tracks well and delivers predictable, enjoyable sailing. Recent services include engine and genset maintenance (oil/filters/impeller), bottom paint within the last season, saildrive seal inspection, and fresh zincs. This Oceanis 41 is turnkey for coastal cruising, weekends aboard, or seasonal liveaboard.",2025-11-14T12:00:00Z
monohull_014.pdf,O45-16-ANNA-2387,Sailboat,1,Monohull,Sail with auxiliary inboard diesel,45.75,14.75,7.4,10600,Fiberglass (GRP),1,Yanmar 4JH5E 54 hp inboard,Diesel,1055,1,Bermuda sloop (fractional),3,6,2016,289000,United States,Beneteau,Oceanis 45,Used – Excellent,1020,8.5,7.2,220,200,570,True,True,False,2,0.322,9.1,8.7,8.4,42,False,"Meticulously kept 2016 Beneteau Oceanis 45 with the preferred 3-cabin/2-head layout, deep keel, and twin wheels. This owner-upgraded cruiser blends comfort, performance, and modern equipment for effortless coastal cruising or extended passages. The powerful yet economical Yanmar 54 hp (approx. 1,020 hrs) pushes the boat at 7–7.5 knots with a top around 8.5 knots. Sail plan totals about 1,055 sq ft, and the fractional sloop rig with in-mast furling main and 140% genoa (new 2023) makes short-handed sailing a breeze. Highlights include: Fisher Panda 6 kW generator (approx. 420 hrs), 16,000 BTU Dometic air conditioning with two zones, upgraded Raymarine electronics suite (Axiom 12 MFD at helm, Quantum radar, i70 instruments, EV-200 autopilot, AIS transceiver, and VHF with remote mic), Max Power bow thruster, electric windlass with 60 m chain, and full cockpit canvas (bimini, dodger, connector) replaced in 2022. Additional cruising comforts: 570 L water capacity, 200 L diesel, large cockpit with folding transom swim platform, teak cockpit sole, and spacious saloon with U-settee and galley to starboard. Safety outfitting is comprehensive: offshore-rated PFDs, jacklines, harness tethers, MOM module, EPIRB, liferaft (serviced 2024), dual bilge pumps, and complete flare kit. Shore power with smart charger, 400 W solar on custom arch, inverter/charger, and LED lighting throughout reduce generator runtime. Sails and running rigging in excellent condition; standing rigging inspected 2024. Bottom paint and full engine service completed Spring 2025. This Oceanis 45 is turnkey for the season—clean survey history, thoughtfully upgraded, and shows pride of ownership. Approximate range under power is ~220 NM at 6.5–7 knots depending on sea state and load. Berths for six across three cabins, two electric heads, and generous storage make her ideal for family cruising or a capable liveaboard.",2025-11-14T10:15:00Z
monohull_015.pdf,BN-OC45-2016-1101,For Sale (Brokerage),1,Monohull,Sail with inboard diesel,45.9,14.75,7.4,10550,Fiberglass (GRP),1,"Inboard – Yanmar 4JH5E, 54 hp",Diesel,1043,1,"Fractional sloop, in-mast furling mainsail",3,7,2016,259000,United States,Beneteau,Oceanis 45,Used – Excellent,1240,8.6,7.2,315,200,570,True,True,False,2,0.321,90,88,92,36,False,"Well-equipped and meticulously maintained 2016 Beneteau Oceanis 45 in excellent condition, ready for extended cruising or comfortable family sailing. With the proven Finot-Conq hull design, a generous beam carried well aft, dual helms, and wide side decks, this Oceanis 45 delivers a stable, quick, and easily managed ride. The deep keel (7.4 ft) provides confident upwind performance, while the in-mast furling mainsail and furling genoa make sail handling effortless for a short-handed crew.
Powered by a reliable 54 hp Yanmar 4JH5E (1,240 hours), she cruises efficiently at 7.2 knots with an approximate 315 nm range under power from her 200 L fuel tank. The spacious 3-cabin / 2-head layout sleeps up to seven, featuring a bright owner’s cabin forward with an island berth, two comfortable aft cabins, and a convertible salon settee. The interior is finished in light Alpi oak with ample natural light from large coachroof and hull windows.
Highlights and equipment:
- Sails: In-mast furling mainsail (Dacron, new 2021) and 140% furling genoa (new 2021); standing rigging inspected 2024
- Deck: Electric windlass with cockpit control, 25 kg Rocna anchor with 60 m of 10 mm chain; wide, safe decks with lifelines and solid stanchions; cockpit table with lighting and storage; folding transom swim platform
- Helm and handling: Twin composite wheels, German-style mainsheet, primary Harken self-tailing winches; Side-Power bow thruster for easy docking
- Electronics (upgraded 2022): Raymarine Axiom 9 MFD at helm, Raymarine Quantum radar, Evolution autopilot with p70 control, i70 wind/speed/depth, AIS700 Class B transceiver, Raymarine VHF with DSC and remote mic at helm
- Electrical: 12V/120V systems, 2000 W pure sine inverter/charger, 400 Ah AGM house bank (new 2023), dedicated engine start battery, 300 W solar on arch with MPPT controller
- Comfort: Dometic 16,000 BTU reverse-cycle air conditioning; Fischer Panda 4.0 kW generator (~320 hours); hot water heater; large galley with front-opening refrigerator and separate top-loading freezer, dual-burner stove/oven, and solid-surface counters
- Tankage: 200 L diesel, 570 L fresh water with dual tanks, electric and manual bilge pumps
- Safety: 6-person coastal liferaft (service 2023), EPIRB (battery valid to 2027), jacklines, MOB gear, USCG-approved PFDs, current flares (exp. 2027), fire extinguishers (serviced 2025), CO/Smoke detectors
- Recent maintenance: Engine service (oil, filters, impeller) May 2025; bottom paint and prop-speed May 2025; topsides polish and wax May 2025; rig inspection 2024; sail drive seals inspected 2024
- Interior: 3 cabins / 2 heads with separate shower forward, LED lighting, ample storage, convertible salon table/berth, Fusion stereo with cockpit speakers
- Performance: 8.6 knots max under power, comfortable cruising at ~7.2 knots; easily managed sail plan with robust autopilot for passagemaking
This Oceanis 45 shows pride of ownership and thoughtful upgrades focused on reliability, safety, and comfort. Ideal for coastal cruising, the Bahamas, or extended seasonal voyages. US-based and ready to view by appointment. A comprehensive photo set, equipment list, and maintenance records are available upon request.
Broker Notes: Additional photos available upon request
Authorized Signature Contact: +1-449-899-5238",2025-11-14T10:37:00Z
monohull_016.pdf,9f4b6a62-3b2e-4d7e-9f15-1c3b6fd2a45a,Sailboat (Monohull Cruiser),1,Monohull (Displacement),Sail and Inboard Diesel,45.9,14.8,7.4,10550,Fiberglass (GRP),1,"Yanmar 4JH5E, 54 hp Inboard Diesel",Diesel,1044,1,Fractional Sloop,3,6,2016,289000,United States,Beneteau,Oceanis 45,Used,1180,8.5,7.2,360,200,570,True,True,False,2,0.322,88,86,92,42,False,"This 2016 Beneteau Oceanis 45 is a well-sorted, privately owned cruising yacht that blends comfort, performance, and ease of handling. The popular 3-cabin/2-head layout provides generous accommodations for family cruising or extended passagemaking, highlighted by a bright, airy salon with hull windows, a fully equipped L-shaped galley, and a spacious owner’s stateroom forward. Rigged as a fractional sloop with in-mast furling mainsail and a 140% furling genoa, she’s easily managed by a couple. Twin helms, a wide, secure cockpit, and an electric drop-down swim platform make life on deck both safe and enjoyable. Under power, the reliable Yanmar 54 hp engine delivers a comfortable 7+ knot cruise, and with a 200 L fuel tank and efficient burn, range is approximately 360 nautical miles. A Fischer Panda 5 kW generator and 16,000 BTU air conditioning support comfortable cruising off the grid. Key equipment and features: - Sail handling: In-mast furling mainsail, furling genoa, Harken self-tailing winches (primary electric), rigid boom vang - Deck and cockpit: Twin wheels, large folding cockpit table with lighting, teak cockpit, electric windlass with remote, Delta anchor with chain rode, drop-down transom/swim platform with ladder and hot/cold shower - Electronics (B&G): Zeus2 12"" MFD at helm, 9"" repeaters, radar, AIS transceiver, autopilot, depth/speed/wind, VHF with cockpit remote mic - Mechanical and electrical: Yanmar 4JH5E 54 hp (approx. 1,180 hrs), Fischer Panda 5 kW generator, 3 x AGM house batteries + dedicated start battery, 40A shore charger, 2000W inverter, 30A shore power - Interior: 3 cabins / 2 heads (both with separate shower stalls), upgraded upholstery, LED lighting, Fusion stereo with cabin and cockpit speakers - Galley: 2-burner LPG stove/oven, top/front-opening 12V refrigerator, dedicated freezer compartment, stainless steel sink, ample dry storage - Comfort systems: 16,000 BTU air conditioning, diesel cabin heat plumbed to salon and forward cabin, hot water heater (engine/shore) - Safety: 6-person offshore liferaft (service current), EPIRB, jacklines, offshore flares, six inflatable PFDs with tethers, manual and electric bilge pumps, fire extinguishers - Sails and canvas: Furling main and genoa in good condition, UV covers, dodger and bimini with connector, helm covers - Additional: Bow thruster, cockpit cushions, spare anchor, sunshades, full maintenance records This Oceanis 45 presents as a clean, turnkey cruiser with thoughtful upgrades and a strong service history. Located in Fort Lauderdale, Florida, and shown by appointment. Recent services include engine and generator fluids/filters (spring 2025), bottom paint and prop-speed (2024), and standing rig inspection (2024).",2025-11-14T12:34:56Z
monohull_017.pdf,VSL-OC45-2016-1123,Sailboat,1,Monohull (displacement),Sail + single inboard diesel,45.8,14.8,7.4,9800,Fiberglass (GRP),1,"Yanmar 4JH57, 57 hp inboard diesel",Diesel,1040,1,Fractional sloop,3,6,2016,265000,United States,Beneteau,Oceanis 45,Used - Excellent,1180,8.5,6.8,350,200,570,True,True,False,2,0.323,88,87,92,42,False,"Cruise-ready Beneteau Oceanis 45 (2016) in excellent condition with the desirable 3-cabin, 2-head layout, twin helms, deep keel (7.4 ft), and a reliable Yanmar 4JH57 (57 hp) showing 1,180 hours. This Oceanis 45 delivers an ideal blend of performance and comfort: a generous 1,040 sq ft sail plan on a fractional sloop rig, a broad 14.8 ft beam for tremendous interior volume, and easy handling features for shorthanded sailing. On deck, you’ll find a spacious teak-trimmed cockpit with twin wheels, a folding transom swim platform, cockpit table, and wide side decks. Sail handling is effortless with a furling genoa, a fully battened mainsail with lazy jacks and stack pack, and electric primary winches. A bow thruster adds confidence in tight marinas. Under power, the Yanmar pushes the boat comfortably at 6.8 knots cruising with an approximate 350 nm range from the 200 L fuel tank. Below, the light and airy salon features panoramic hull windows and warm wood joinery. The U-shaped dinette converts for extra guests, and the L-shaped galley to port offers a 3-burner stove/oven, front-opening fridge plus top-loading freezer, deep double sink, and ample dry storage. The owner’s suite forward includes an island berth and private head with separate shower. Aft, two double cabins share a second head. Reverse-cycle air conditioning keeps the interior comfortable at the dock or underway when paired with the onboard Fisher Panda 5000i (approx. 4 kW) generator. Electronics are cruise-oriented and recent: dual Raymarine Axiom chartplotters at the helms, Quantum radar, AIS transceiver, Raymarine Evolution autopilot, i70 wind/depth/speed instruments, VHF with DSC and a remote mic, and a stereo with cockpit speakers. Shore power, battery charger, and a healthy house battery bank support life onboard. Safety kit is comprehensive, including an offshore-rated 6-person liferaft (recent service), EPIRB, jacklines, harnesses, and current flares. Recent maintenance highlights include bottom paint and PropSpeed (2024), engine service (2024), and running rigging refresh. With a proven hull, modern deck plan, and a comfortable interior, this Oceanis 45 stands out as a turnkey family cruiser for coastal passages or island hopping. Priced competitively for a clean, well-equipped example in the U.S. market. Inspections by appointment; detailed inventory and additional photos available on request.",2025-11-14T10:22:00Z
monohull_018.pdf,BN-O45-2016-1582,Sailboat,1,Monohull,Sail + inboard diesel,45.6,14.76,7.4,9500,Fiberglass (GRP),1,"Inboard diesel (Yanmar 4JH5E, 54 hp)",Diesel,1040,1,"Bermuda sloop, fractional (in-mast furling mainsail)",3,6,2016,249000,United States,Beneteau,Oceanis 45,Used - Excellent,1180,8.2,6.5,320,200,570,True,True,False,2,0.324,8.8,8.6,8.2,42,False,"This 2016 Beneteau Oceanis 45 is a beautifully maintained, turnkey cruiser that blends comfort, performance, and contemporary design. With a versatile 3-cabin, 2-head layout, twin helms, generous storage, and a bright, open saloon, she’s ideal for family cruising, liveaboard, or extended passagemaking. The deep fin keel (7.4 ft) and balanced sail plan deliver confident, predictable handling, while the powerful Yanmar 54 hp provides reliable auxiliary propulsion.
Deck and Rigging:
- Fractional Bermuda sloop with in-mast furling mainsail and 130% furling genoa (total sail area 1,040 sq ft)
- Selden aluminum mast and boom; rigid boom vang; split backstay
- Electric primary winches, all lines led aft for easy shorthanded sailing
- Twin wheels with composite wheels, wide cockpit, drop-down swim platform
- Dodger and bimini with connector panel; cockpit cushions; teak cockpit table with lighting
- Quick electric windlass with remote and chain counter; 20 kg Rocna anchor with 80 m chain
- Bow thruster for tight-quarters maneuvering
Mechanical and Electrical:
- Yanmar 4JH5E (54 hp) inboard diesel, 1,180 hours, shaft drive with 3-blade folding prop
- Fischer Panda 5000i Neo generator (5 kW), approx. 420 hours
- 16,000 BTU reverse-cycle air conditioning
- 400 W solar array with MPPT controller; 2,000 W pure sine inverter/charger
- House batteries: 400 Ah AGM; dedicated engine and bow thruster batteries
- 2 x 30A shore power inlets; hot water heater; LED lighting throughout
Electronics and Navigation:
- B&G Zeus2 12"" chartplotter at starboard helm + 7"" repeater at nav station
- B&G broadband radar, AIS Class B transceiver, GPS, and B&G Triton wind/depth/speed
- B&G NAC-3 autopilot with cockpit control
- Icom VHF with DSC and remote cockpit mic
- Stereo with cabin and cockpit speakers; Wi-Fi router for onboard connectivity
Interior:
- 3 cabins / 2 heads layout with separate shower in the forward owner’s cabin
- Light oak joinery, large hull windows, and overhead hatches for abundant natural light
- U-shaped saloon seating with convertible dining table; dedicated nav station
- L-shaped galley: gimbaled LPG stove/oven, top/front-opening fridge, separate freezer, double stainless sink, solid-surface counters
- Ample storage, hanging lockers in all cabins
Tanks and Capacities:
- Fuel: 200 L
- Fresh water: 570 L
- Black water: dual holding tanks (each approx. 80 L; serviceable deck pump-out and overboard where legal)
Performance and Range:
- Comfortable 6.5 knots under power at ~2,200 rpm; max ~8.2 knots
- Approximate motoring range 320 nm at cruising rpm/sea state, based on tankage and typical consumption
Safety and Gear:
- Viking 6-person ISO 9650 liferaft (last service 2024)
- ACR ResQLink 406 MHz EPIRB (battery current)
- Jacklines, harness points, offshore PFDs with tethers, flares, radar reflector
- Manual and electric bilge pumps; fire extinguishers; CO and smoke detectors
Recent Service and Upgrades:
- Engine and generator serviced (oil, filters, impellers) Spring 2025
- Bottom paint and prop speed applied 2025
- Standing and running rigging inspected 2024
- New house AGM batteries 2024
- Canvas cleaned and re-stitched 2024
Why This Oceanis 45:
- Sought-after model from a top-tier builder with strong resale (brand popularity score 8.8)
- Modern, well-sorted electronics (electronics score 8.6) and robust safety package (safety gear score 8.2)
- Turnkey condition with generator, air conditioning, bow thruster, solar, and quality cruising gear
She is dockside and ready for survey and sea trial. Clean U.S. documentation and maintenance records available on request.
Broker Notes: Additional photos available upon request",2025-11-14T14:00:00Z
monohull_019.pdf,BN-OC45-2012-AN-1173,Sailboat,1,Monohull,Sail + inboard diesel (shaft drive),45.9,14.8,7.4,10400,Fiberglass (GRP),1,"Inboard diesel (Yanmar 4JH5E, 54 hp)",Diesel,1076,1,Fractional sloop,3,6,2012,239000,United States,Beneteau,Oceanis 45,Used - Excellent,1180,8.6,7.2,320,200,570,True,True,False,2,0.322,92,88,90,45,False,"2012 Beneteau Oceanis 45 (3-cabin, 2-head) in excellent condition, thoughtfully outfitted for comfortable coastal cruising and island-hopping. With a powerful yet economical Yanmar 4JH5E 54 hp inboard diesel (approx. 1,180 hrs) on a shaft drive and the proven Oceanis 45 hull, she delivers a sweet spot of performance and comfort. The deep keel (7.4 ft) provides confident upwind ability, while twin wheels and a beamy cockpit make her easy to handle short-handed.
 
 Deck and rigging:
 - Fractional sloop with in-mast furling mainsail (new 2020) and 140% furling genoa (new 2020); Code 0 on furler (2021) for light-air reaching.
 - Standing rigging professionally inspected 2023; most running rigging renewed 2022.
 - Electric coachroof winch for halyards/mainsail furling, all lines led aft.
 - Wide, secure side decks; drop-down transom/swim platform; hot/cold cockpit shower.
 - Ground tackle: 25 kg Rocna primary with ~200 ft 5/16"" chain + 150 ft rode; Lofrans electric windlass with helm and bow controls.
 - MaxPower bow thruster for easy docking.
 
 Electronics and electrical:
 - Raymarine Axiom 12 MFD at starboard helm, Quantum radar, AIS transceiver, i70 wind/depth/speed, EV-200 autopilot with below-decks drive; Raymarine VHF with cockpit remote.
 - 400 Ah AGM house bank (2021), dedicated engine start battery (2023).
 - Victron MPPT controller with 400 W solar on stainless arch; Victron 2000 W inverter/charger.
 - Fischer Panda 6 kW diesel generator (approx. 350 hrs) powers air conditioning and house loads away from the dock.
 
 Interior:
 - Bright, airy salon with large hull windows and LED lighting; U-shaped dinette to starboard converts for occasional extra berth.
 - Spacious L-galley with Eno 3-burner stove/oven, top/front-load refrigeration, double stainless sinks, ample lockers.
 - Owner’s forward cabin with island berth and en-suite head; two generous aft cabins; second head with separate shower.
 - Reverse-cycle heat/air (approx. 16,000 BTU) for year-round comfort; 570 L freshwater capacity supports extended stays.
 
 Performance and capacities:
 - Sail area 1,076 sq ft delivers lively performance; effortless reefing from the cockpit.
 - Cruising at ~7.2 knots under power; practical motoring range ~320 nm from 200 L fuel.
 - Max speed under power approx. 8.6 knots in flat water.
 
 Safety and extras:
 - Offshore kit including 6-person liferaft (serviced 2024), ACR EPIRB (2023), jacklines, harness points, coastal flare pack (2024), CO/Smoke detectors, and multiple fire extinguishers.
 - Full canvas: dodger, bimini, connector (new glass 2023); cockpit cushions; sunshades; screens.
 - Tender and outboard available by separate negotiation.
 
 Maintenance highlights:
 - Engine service 2025 (oil, filters, impeller, belts); transmission oil 2024.
 - Bottom paint 2024 (ablative); new zincs 2025; hull and deck professionally polished 2025.
 - Current survey (2024) available to serious buyers.
 
 A sought-after, modern Beneteau with the right options: twin helms, deep keel, bow thruster, generator, AC, upgraded electronics, and recent sail inventory. US-documented and lying Annapolis, Maryland. Ready to step aboard and cruise immediately.",2025-11-14T10:12:25Z
monohull_020.pdf,BN-OC45-2015-239US-017,sailboat,1,monohull,Inboard diesel (sail auxiliary),45.75,14.76,7.05,10549,Fiberglass (GRP),1,Inboard,Diesel,1076,1,Fractional sloop,3,6,2015,239000,United States,Bénéteau,Oceanis 45,Used - Excellent,1420,8.8,7.2,300,200,570,True,True,False,2,0.322,92,88,92,38,False,"This 2015 Bénéteau Oceanis 45 is a well-kept, owner-version cruiser with the sought-after 3-cabin, 2-head layout. Designed for performance cruising, she combines a powerful, easily managed fractional sloop rig with a spacious, light-filled interior. The Oceanis 45 features a broad, stable hull form with twin rudders, twin helm stations, and a large, ergonomic cockpit with drop-down transom swim platform—ideal for both passage-making and comfortable days at anchor. Power is provided by a reliable Yanmar 4JH5E 54 hp inboard diesel (approx. 1,420 hours), delivering efficient cruising at 7–7.5 knots and a practical motoring range of about 300 nm with the 200 L fuel tank. Sail handling is set up for short-handed sailing with in-mast furling mainsail, furling genoa, electric windlass, and well-placed winches. The rig delivers approximately 1,076 sq ft of upwind sail area for engaging yet manageable performance. Below decks, the Oceanis 45 excels in livability: generous beam carried well aft provides a remarkably open salon with a U-shaped dinette, forward owner’s stateroom with island berth and en-suite head, and two comfortable aft cabins sharing a second head with separate shower. The galley runs along the port side with abundant refrigeration, storage, and counter space. Factory air conditioning and a 5 kW generator provide true off-grid comfort; 570 L of fresh water capacity supports extended cruising. Navigation and systems include a full suite of integrated electronics (chartplotter at helm, autopilot, AIS, radar, wind/depth/speed), upgraded battery capacity with smart charging, and robust safety inventory including offshore PFDs, jacklines, harness tethers, EPIRB, and a 6-person liferaft (service current). The cockpit is finished with teak soles, a large folding table, and a dodger/bimini package for protection in all conditions. This Oceanis 45 shows clean cosmetics, straight rigging, and consistent professional maintenance—ready for immediate cruising. Highlights: - Proven Bénéteau Oceanis 45 platform with twin helms and drop-down swim platform - Yanmar 54 hp inboard diesel, approx. 1,420 hours, serviced on schedule - In-mast furling main, furling genoa; easy short-handed sail plan - 5 kW generator and air conditioning for true liveaboard comfort - 3-cabin, 2-head layout with forward owner’s suite - Full electronics package: chartplotter, radar, AIS, autopilot, wind/depth/speed - Safety gear to offshore standard; liferaft service current - Shoal and deep draft versions exist; this boat is the performance/deep draft (approx. 7.05 ft) Accommodations and Equipment (selected): - Berths: 6 (forward island double; two aft doubles) - Heads: 2 (forward en-suite + aft day head), separate shower - Galley: 2-burner LPG stove/oven, top/front-load refrigeration, double sink - Cockpit: teak, folding table, twin wheels, wide transom platform with ladder - Canvas: dodger, bimini, connector; helm covers - Ground tackle: 25 kg primary anchor, 80 m chain, electric windlass with cockpit control - Electrical: 12V DC with upgraded house bank, 120V shore power, battery charger, inverter/charger - Electronics: 9–12” MFD at starboard helm, radar, AIS transceiver, autopilot, VHF with remote mic - Entertainment: cockpit and salon speakers, Bluetooth stereo This Oceanis 45 delivers the ideal balance of comfort, capability, and value in the 45-foot cruising class. US-based, duty paid, and shown by appointment.",2025-11-14T16:20:00Z
monohull_021.pdf,US-BEN-OC45-2015-00172,Sailboat (Cruiser),1,Monohull,Sail + Inboard Diesel,45.9,14.75,7.1,9450,Fiberglass (GRP),1,Inboard diesel (saildrive),Diesel,1030,1,Fractional sloop,3,6,2015,269000,United States,Beneteau,Oceanis 45,Very Good,1180,8.5,7,300,200,530,True,True,False,2,0.321,8.7,8.6,8.2,38,False,"Well-kept 2015 Beneteau Oceanis 45 in very good overall condition, thoughtfully outfitted for comfortable coastal cruising and extended vacations. This popular Philippe Briand design delivers an ideal balance of performance, space, and ease of handling, featuring twin helms, a wide and secure cockpit, and Beneteau’s well-known chined hull for stability and interior volume.
Layout and Interior:
- Three-cabin, two-head layout with generous natural light from hull and deck ports
- Owner’s cabin forward with island berth and private en-suite head/shower
- Aft cabins port and starboard with full-size doubles
- Salon with U-shaped settee and opposing sofa, convertible dinette for extra sleeping if needed
- L-shaped galley with top/front-load fridge, 3-burner propane stove/oven, microwave, double stainless sinks, and ample stowage
- Reverse-cycle air conditioning for climate comfort dockside and with generator
Deck and Rig:
- Fractional sloop with Selden aluminum mast and boom
- Furling genoa and in-mast furling mainsail for easy short-handed sailing
- Electric cabin-top winch for mainsail handling; self-tailing primary winches aft at the helms
- Standing rigging inspected and tuned in the last two seasons
- Wide side decks, robust double lifelines, and fold-down transom swim platform with ladder and hot/cold shower
- Dual wheels with instrument pods and good sightlines forward
Mechanical and Electrical:
- Yanmar 4JH5E 54 hp diesel (approx. 1180 hours) with saildrive; routine services up to date (oil, filters, impeller 2025 season)
- Onan 5 kW diesel generator; recent service completed
- 200 L diesel tank, 530 L fresh water in two tanks
- House and start batteries upgraded recently; smart charger and inverter
- LED interior and navigation lighting
Electronics and Navigation:
- Raymarine multi-function display at helm with GPS/Chartplotter
- Raymarine autopilot, wind/speed/depth instruments
- AIS receiver/transponder and VHF with DSC at nav station and remote mic in cockpit
- Stereo with cockpit speakers; Wi■Fi router for charts/updates
Safety and Gear:
- USCG safety package with Type I/II PFDs, flares, horn, and throwables
- 25 kg primary anchor with 200 ft chain + secondary anchor and rode
- Electric windlass with helm and bow controls
- Manual and electric bilge pumps; fire extinguishers in cabin and engine space
- Jacklines and tethers for offshore passages
Performance and Range:
- Comfortable 7.0 kt cruise under power at efficient fuel burn; approx. 300 nm motoring range in moderate conditions
- Under sail, rewards trim with steady speeds and confidence-inspiring manners in a seaway
Maintenance and Notes:
- Bottom paint renewed within the last year; hull regularly washed and waxed
- Canvas in good condition: bimini and pedestal covers; sunshades for ports
- All manuals and maintenance records included; lightly cruised by knowledgeable owners
Why This Boat:
The Oceanis 45 is sought after for its volume, practicality, and easy handling. This example stands out with low reported hours for its age, a generator and air conditioning for comfortable cruising, and a clean, well-cared-for presentation. Ready to step aboard and go.
Shown by appointment to serious buyers. Delivery assistance and training available upon request.
Broker Notes: Additional photos available upon request",2025-11-14T00:00:00Z
monohull_022.pdf,US-BEN-O45-2015-0719,Sailboat,1,Monohull,Sail + Inboard Diesel (shaft drive),45.8,14.76,7.4,10549,Fiberglass (GRP),1,"Inboard (Yanmar 4JH5E, 54 hp)",Diesel,1076,1,Fractional sloop,3,6,2015,289000,United States,Bénéteau,Oceanis 45,Used - Excellent,1145,8.6,7.2,430,200,570,True,True,False,2,0.322,90,88,92,42,False,"Impeccably maintained 2015 Bénéteau Oceanis 45, 3-cabin/2-head layout, offered in excellent condition and turnkey for extended cruising. This popular cruising design delivers a rare balance of performance, comfort, and easy handling. Twin helm stations provide superb visibility and control, while the beamy aft section creates an exceptionally spacious cockpit and interior. Powered by a reliable Yanmar 4JH5E 54 hp diesel (approx. 1,145 hours), the boat cruises comfortably at 7.2 knots with a max of 8.6 knots under power. Fuel capacity is 200 L, yielding an approximate 430 nm range at conservative consumption. The fractional sloop rig carries roughly 1,076 sq ft of sail. Easy sail handling comes via an in-mast furling mainsail and furling genoa; standing and running rigging have been professionally inspected and serviced, with sails refreshed in 2022. Deep keel draft of 7.4 ft gives confident upwind performance. The bright interior features three private cabins and two heads with separate showers, sleeping six in comfort. A U-shaped salon with convertible dinette, generous galley (top- and front-loading refrigeration), and abundant storage make this Oceanis 45 ideal for family cruising or liveaboard life. 570 L of freshwater supports longer stays off the dock. Notable equipment and upgrades: - Power/comfort: 5 kW diesel generator, 16,000 BTU air conditioning, upgraded 70 A alternator, 40 A shore charger, 2000 W inverter, hot water heater - Electronics: Raymarine Axiom chartplotter at each helm, Raymarine radar, AIS transceiver, Evolution autopilot with gyro, wind/depth/speed instruments, VHF with DSC and remote mic - Deck/rigging: Electric windlass, 25 kg Rocna anchor with 60 m (200 ft) chain, secondary anchor, German mainsheet system led aft, self-tailing winches, retractable bow thruster - Safety: ISO 6-person liferaft (last serviced 2023), EPIRB, jacklines, harness points, offshore flares (2024), fire extinguishers, CO/smoke detectors - Additional: Dodger and bimini with connector, cockpit cushions, teak cockpit sole, transom swim platform and ladder, life sling, emergency tiller This Oceanis 45 presents exceptionally clean mechanicals, dry bilges, and a well-documented maintenance history. With its generous storage, efficient systems, and proven cruising pedigree, it’s a compelling choice for coastal and bluewater-minded sailors alike. Private viewings available by appointment. Broker Notes: Additional photos available upon request",2025-11-14T10:30:00Z
monohull_023.pdf,BN-OC45-2015-1102,Sailboat,1,"Monohull (displacement; fin keel, spade rudder)",Sail + Inboard diesel (saildrive),45.8,14.8,7.4,10550,Fiberglass (GRP),1,"Yanmar 4JH5E, 54 hp inboard diesel with SD60 saildrive",Diesel,1076,1,Sloop (fractional),3,6,2015,269000,United States,Beneteau,Oceanis 45,Used - Excellent,1150,8.7,7.2,400,200,530,True,True,False,2,0.32,90,86,88,36,False,"A professionally maintained 2015 Beneteau Oceanis 45 in excellent condition, featuring the popular 3-cabin, 2-head layout. This capable bluewater cruiser combines generous volume, modern hull form, and easy single/short-handed sail handling with twin helms and a broad, secure cockpit. Power is by a reliable Yanmar 4JH5E 54 hp diesel (approx. 1,150 hours) mated to an SD60 saildrive, delivering efficient cruising and predictable handling in marinas. Deep fin keel (approx. 7.4 ft draft) for strong upwind performance. Sail plan includes a furling mainsail and 140% furling genoa (approx. 1,076 sq ft total), led aft to the cockpit through organizers and clutches for simple control. Comfort systems are cruise-ready: a 6 kW generator provides off-grid power for the reverse-cycle air conditioning, battery charging, and 120V/230V loads. Large tankage (200 L fuel, 530 L water) supports extended passages. The cockpit is protected by a dodger and bimini with connector, and the walkthrough transom opens to a large swim platform for easy water access. Electronics are well specified, with a color MFD at the helm, integrated wind/depth/speed sensors, AIS transceiver, radar, and an evolution autopilot—ideal for coastal passage-making or offshore legs. Safety inventory is thorough, including offshore-grade PFDs with tethers, jacklines, EPIRB, liferaft, and comprehensive signaling equipment. Below, the salon is bright with hull windows and overhead hatches, a U-shaped settee and convertible dinette, and a well-appointed galley with a 3-burner stove/oven, top/front-load refrigeration, and abundant stowage. The owner’s cabin forward offers an island berth and private head/shower; two double cabins aft share a second head. High-wear canvas and running rigging have been smartly maintained, and cosmetics present cleanly throughout. This Oceanis 45 strikes an appealing balance of performance, comfort, and simplicity—ready for immediate cruising in style and safety.",2025-11-14T15:22:00Z
monohull_024.pdf,BN-OC45-2016-AL2917,sailing yacht,1,monohull (fin keel),sail + inboard diesel,45.0,14.76,7.4,10550,fiberglass (GRP),1,"inboard diesel (Yanmar 4JH57, 57 hp)",diesel,1060,1,fractional sloop,3,7,2016,289000,United States,Beneteau,Oceanis 45,Used - Excellent,1180,8.5,7.2,340,200,570,True,True,False,2,0.33,88,86,92,42,False,"Immaculate 2016 Beneteau Oceanis 45 in turnkey cruising condition. This popular performance cruiser blends easy short-handed sailing with a voluminous, bright interior. The hull features a modern hard chine for form stability and excellent interior space. Twin wheels and a wide, drop-down swim platform make for effortless handling and great days at anchor. Powered by a reliable Yanmar 4JH57 (57 hp) inboard diesel with 1,180 hours, she cruises comfortably at 7.2 knots and will top out around 8.5 knots under power. With a 200 L fuel tank and conservative burn of ~3.8 L/hr at 6.5–7 knots, practical range is about 340 nm. Deep fin keel (approx. 7.4 ft) provides strong upwind performance. Sail plan includes a 2021 North Sails fully-battened mainsail with stack pack and lazy jacks, and a 2021 furling genoa. A 2022 Code 0 on a furler and retractable bow sprit adds light-air horsepower. Standing rigging inspected and tuned in 2024; running rigging in excellent condition. Electronics are cruise-ready: Raymarine Axiom 12” MFD at starboard helm, i70 instruments, Quantum radar, AIS transceiver, Evolution autopilot with P70s control, and a high-power masthead VHF with RAM mic at the helm. Electric windlass with 65 lb Mantus anchor and 200 ft of chain. Twin helm stations with leather-covered wheels, a large cockpit table, and teak cockpit soles complete a safe and social helm environment. Bow thruster and electric primary winches make docking and sail handling easy. Below, the 3-cabin/2-head layout sleeps up to 7 with an owner’s forward cabin featuring an island berth and en-suite head/shower. The saloon is bright with large hull windows, a U-shaped settee, and a well-appointed port galley with front-opening fridge and top-loading freezer. 16,000 BTU reverse-cycle air conditioning keeps the interior comfortable at dock or at anchor, powered by a Fischer Panda 6 kW generator (approx. 450 hours). House power is upgraded with 400 Ah of LiFePO4 batteries (2023), Victron 3 kW inverter/charger, and 400 W solar on an aft arch. Freshwater capacity is a generous 570 L, with hot water from engine or shore/generator. Recent maintenance and upgrades: Bottom paint (hard, multi-season) July 2024, Full engine service (impeller, fluids, filters) May 2024, Standing rigging inspection and tune 2024, New house lithium bank and Victron monitoring 2023, Canvas and isinglass cockpit enclosure refreshed 2023. Safety gear is comprehensive: serviced 6-person coastal liferaft (2024), EPIRB (battery 2023), jacklines, harnesses, offshore PFDs, MOB recovery gear, dedicated fire extinguishers, and comprehensive offshore medical kit. This Oceanis 45 shows pride of ownership with thoughtful cruising upgrades, low engine hours for her age, and a clean survey history. She is an ideal family cruiser or comfortable liveaboard with the performance to cover miles efficiently and the systems to do it safely and comfortably. Shown by appointment; full photo set (42 images) and maintenance records available. Broker Notes: Additional photos available upon request",2025-11-14T10:32:00Z
monohull_025.pdf,BN-OCE45-2015-00972,Sailboat,1,Monohull (fin keel),Inboard diesel (saildrive),45.75,14.76,7.05,10549,Fiberglass (GRP),1,"Yanmar 4JH5E 54 HP, saildrive",Diesel,1044,1,Fractional sloop,3,6,2015,289000,United States,Beneteau,Oceanis 45,Used - Excellent,1180,8.6,7.2,280,200,530,True,True,False,2,0.323,9.2,8.7,9.1,42,False,"Immaculate 2015 Beneteau Oceanis 45 in turnkey cruising condition. This popular Philippe Briand design delivers an exceptional blend of performance, comfort, and easy handling. With a spacious 3-cabin/2-head layout, twin helm stations, a large drop-down transom/swim platform, and a generous sail plan, she’s equally at home on weekend sails or extended coastal passages. Professionally maintained with light private use, comprehensive cruising gear, and tasteful upgrades. Highlights - Proven cruiser: stiff, balanced hull with a deep fin keel (7.05 ft) and a powerful yet easily managed fractional sloop rig - Reliable propulsion: Yanmar 4JH5E 54 HP (approx. 1,180 hours) with saildrive; cruising 7.2 knots, economical consumption - Systems for comfort: Onan 5 kW generator, two-zone reverse-cycle air conditioning (approx. 16k + 8k BTU), hot water, large refrigeration - Electronics: B&G suite with Zeus2 MFD at helm, autopilot with rate compass, AIS, broadband radar, wind/speed/depth, DSC VHF, and cockpit instrumentation - Sail inventory: fully battened mainsail (2021), 106% furling genoa (2021), Code 0 on furler (2022) with dedicated tack point; new standing rigging inspection and tune (2023) - Deck and handling: electric primary winches, German mainsheet system, rigid boom vang, deep anchor locker with Rocna 25 kg and all-chain rode, electric windlass with remote, wide side decks - Interior: light oak joinery, large U-shaped saloon with drop-leaf table, forward owner’s cabin with island berth and ensuite head, aft guest cabins port and starboard, second head with separate shower - Utilities and tanks: 200 L fuel, 530 L fresh water, LED lighting throughout, ample storage, dedicated nav station - Safety: off-shore rated 6-person life raft (service 2023), EPIRB, jacklines, harness points, Type I/III PFDs, flares (in date), fire extinguishers, bilge high-water alarm Performance and Range - Efficient hull with a sail area of 1,044 sq ft delivers spirited sailing; under power, expect 7.2 knots at cruising RPM with approximately 280 nm range on the 200 L fuel tank (conditions and loading dependent). - Twin wheels and a balanced rudder provide excellent control and visibility; the large cockpit and drop-down transom enhance liveability at anchor. Maintenance and Condition - Engine and generator serviced annually; recent impeller, filters, and fluids - Saildrive seals inspected; zincs maintained on schedule - Bottom paint and prop-speed completed 2024 - Clean survey history available for serious buyers Why This Oceanis 45 This model is a market favorite for its spacious interior, robust build, and user-friendly deck plan. With brand popularity, a strong electronics package, and comprehensive safety gear, this example stands out as a ready-to-go cruiser at an attractive price point. View the full photo set (42 images) and equipment list upon request. Dockside and sea trials available for qualified buyers. Broker Notes: Additional photos available upon request",2025-11-14T10:24:00Z
monohull_026.pdf,OC45-2016-FTL-0129,Sailboat - Cruiser,1,Monohull,Sail with auxiliary inboard diesel,45.8,14.76,7.4,10500,Fiberglass (GRP),1,"Inboard diesel (Yanmar 4JH5E, 54 hp)",Diesel,1045,1,"Fractional sloop (Bermuda), in-mast furling mainsail, furling genoa",3,6,2016,259000,United States,Beneteau,Oceanis 45,Used - Excellent,1160,8.6,7.2,430,200,570,True,True,False,2,0.32,89,87,92,42,False,"This 2016 Beneteau Oceanis 45 is a well-specified, professionally maintained cruising monohull that blends comfort, performance, and reliability. The popular 3-cabin/2-head layout offers a bright owner’s suite forward and two spacious aft cabins, sleeping six in comfort. Twin helms, an electric drop-down transom, and a beamy cockpit make for effortless handling and entertaining. The deep keel (7’4”) and powerful fractional rig with in-mast furling mainsail and furling genoa deliver confident performance; expect 7+ knots under power and an easy, balanced helm under sail. Powered by a Yanmar 4JH5E 54 hp inboard diesel (approx. 1,160 hours), she cruises efficiently with an estimated 430 nm motoring range from her 200 L fuel tank. Cruising amenities include a 6 kW Onan generator, 16,000 BTU air conditioning, hot water, large refrigeration, and a generous 570 L freshwater capacity. Electronics are comprehensive: Raymarine multifunction displays at both helms, Quantum",2025-11-14T10:00:00Z
monohull_027.pdf,BN-OCE45-2016-USA-00327,Sailboat - Cruiser,1,Monohull,Sail + inboard diesel,45.9,14.75,7.4,10500,Fiberglass (GRP),1,Inboard diesel,Diesel,990,1,Bermudan sloop (fractional),3,6,2016,259000,United States,Beneteau,Oceanis 45,Used - Excellent,1180,8.8,7.5,420,200,570,True,True,False,2,0.321,9.2,8.7,8.9,38,False,"Impeccably maintained 2016 Beneteau Oceanis 45 in turn-key cruising condition, located in Newport, Rhode Island. The proven Oceanis 45 platform blends modern performance with exceptional comfort: a powerful chined hull, twin wheels, and a drop-down swim platform deliver confident handling and easy indoor-outdoor living. This 3-cabin/2-head layout features generous natural light, wide side decks, and a spacious cockpit with a large folding table and full canvas (dodger, bimini, and connector). Equipment and highlights: - Yanmar 4JH 54 hp diesel (approx. 1,180 hours), shaft drive with 3-blade folding prop; cruising 7.5 knots, max ~8.8 knots. Last full service June 2025 (oil, filters, impeller, belts). - Generator: 6 kW diesel (Onan) with sound shield; powers reverse-cycle heat/air (three zones) and 110V outlets underway or at anchor. - Rig and sails: Selden fractional rig with Facnor furling headsail and in-mast furling mainsail for effortless handling. New headsail (2022) and lightly used furling main (2020). Running rigging in very good condition; standing rigging inspected 2024. - Electronics: Raymarine Axiom 12 MFD at the helm, Quantum radar on mast, Evolution autopilot with linear drive, i70 instrument pack (wind/depth/speed), AIS transceiver (Class B), Raymarine VHF with remote mic at helm, stereo with cockpit speakers. Dual compasses at each helm. - Deck and handling: Electric primary winches, electric windlass with remote and chain counter, 25 kg Rocna anchor with 200 ft chain, bow thruster, wide swim platform with hot/cold cockpit shower, teak cockpit, removable helm seat sections, cockpit cushions. - Interior: Light oak finish with ample storage. Saloon with U-settee and convertible table, galley to starboard with twin stainless sinks, Corian counters, 3-burner LPG stove/oven, top/front-opening 12V fridge + separate freezer, and microwave. Owner’s cabin forward with island berth and en-suite head; two guest cabins aft to port and starboard; second head to port. - Tankage: 200 L diesel, 570 L fresh water, hot water via engine/shore/gen. 12V house system with AGM batteries (upgraded 2023), dedicated start and genset batteries, 40A smart charger, shore power with galvanic isolator. - Safety: ISO liferaft (serviced 2024), EPIRB (registered 2024), jacklines and tethers, flares (valid through 2026), MOB gear, radar reflector, CO/Smoke detectors, automatic and manual bilge pumps, fire extinguishers (2025 inspect). - Additional: Full canvas package, sunshades, mosquito screens, custom beds, cockpit table cover, spare parts kit, USCG documented, complete maintenance log and original manuals. This Oceanis 45 has been privately owned (never chartered) and shows pride of ownership throughout. She’s a comfortable coastal cruiser with offshore capability, well-equipped for extended cruising or family sailing weekends. Pre-sale survey (available to serious buyers) notes dry bilges, strong electricals, and above-average cosmetics. Ready for immediate delivery in Newport, RI. Dockside showings by appointment.",2025-11-14T10:15:00Z
monohull_028.pdf,7f88a7b1-3c6e-4bdc-9d2f-1ab52b156c9e,Sailboat,1,Monohull,Sail + Inboard Diesel,45.9,14.76,5.75,10550,Fiberglass (GRP),1,Inboard diesel (Yanmar 54 hp),Diesel,1076,1,Fractional sloop (furling mainsail),3,6,2016,245000,United States,Beneteau,Oceanis 45,Used - Very Good,1180,8.6,7.2,420,200,570,True,True,False,2,0.321,88,86,90,38,False,"This 2016 Beneteau Oceanis 45 is a proven blue-water capable cruiser that blends performance, comfort, and ease of handling. The popular 3-cabin, 2-head layout features a bright, ergonomic interior with generous storage, island galley, and a spacious owner’s cabin forward. On deck, her twin-helm cockpit, wide beam carried aft, and fold-down swim platform create an ideal platform for family cruising and entertaining. Sailing and deck: Fractional sloop rig with furling mainsail and 140% furling genoa (approx. 1,076 sq ft total sail area) Shoal draft keel (5’9”) for versatile coastal access Twin composite wheels, Lewmar primary and cabin-top winches (one electric) Electric windlass with 60 m (200 ft) chain and 20 kg (44 lb) anchor Standing rigging inspected and tuned 2023; running rigging replaced as needed Large drop-down transom/swim platform with telescoping ladder Wide side decks, solid handholds, and lifelines for safe movement underway Mechanical and electrical: Yanmar 4JH 54 hp inboard diesel, 1,180 engine hours (serviced 2025: oil, impeller, primary/secondary fuel filters) Cruising speed ~7.2 knots; max ~8.6 knots Approximate range 420 nm under power at economy cruise Fuel capacity 200 L; water capacity 570 L with hot water Fischer Panda 5 kW generator (approx. 760 hrs) 40 A battery charger, 400 W solar on arch with MPPT controller 16,000 BTU reverse-cycle air conditioning Bow thruster for confident close-quarters handling Navigation and electronics: Raymarine Axiom 9 MFD at helm with Navionics charts Raymarine Evolution autopilot with p70 control Raymarine i70 wind/depth/speed instrumentation Raymarine Quantum radar and AIS transceiver VHF with DSC and remote mic at helm Stereo with cockpit speakers and Bluetooth connectivity Interior: 3 cabins / 2 heads (both with showers), 6 dedicated berths Owner’s stateroom forward with island berth and en-suite head U-shaped saloon seating with convertible dining table Linear galley: dual stainless sinks, 2-burner stove/oven, top/front-load fridge, ample dry storage LED lighting throughout, large hull ports and opening hatches for natural light and ventilation Safety and gear: 6-person coastal liferaft (service current 2024) Offshore flares (in date), EPIRB, jacklines, harness points Manual and electric bilge pumps, fire extinguishers, CO/smoke detectors Dan buoy, throwable device, and full set of PFDs Dedicated grab bag and medical kit Condition and maintenance: Hull and topsides polished 2025; bottom paint and anodes renewed 2025 Sails cleaned and inspected 2024; canvas and UV strips in good condition All systems checked and operational; records available upon request Why this Oceanis 45: Desirable shoal draft, twin helms, and fold-down platform Efficient, easily managed sail plan with furling main Strong equipment list: generator, air conditioning, solar, radar, AIS, bow thruster Comfortable, bright interior ideal for extended cruising or liveaboard Located in Annapolis, Maryland, USA. Shown by appointment. Survey and maintenance records available to serious buyers. Broker Notes: Additional photos available upon request Authorized Signature Contact: +1-803-177-4680",2025-11-14T15:22:00Z
monohull_029.pdf,BN-OC41-2012-7F39C,Sailboat,1,Monohull displacement (fin keel),Sail + inboard diesel (auxiliary),40.8,13.8,6.9,8920,Fiberglass (GRP),1,Inboard diesel,Diesel,902,1,Bermuda sloop (fractional),3,7,2012,219000,United States,Beneteau,Oceanis 41,Used — Very good,1480,8.2,6.5,430,200,570,True,True,False,2,0.34,9,8,8,46,False,"A well-kept 2012 Beneteau Oceanis 41 offering the perfect balance of performance, comfort, and modern styling. This three-cabin layout delivers generous interior volume with abundant natural light, while twin wheels and a broad beam aft give the cockpit terrific ergonomics for shorthanded sailing and entertaining at anchor. Powered by a reliable Yanmar 3JH5E 40 HP inboard diesel (approx. 1480 hours), she cruises efficiently at 6.5 knots and carries a practical 200 L fuel tank for passages of ~430 NM under power. The fractional sloop rig with furling genoa and mainsail provides easy sail handling and solid all-around performance. Hull and deck are GRP with a fin keel and spade rudder, optimized for stability and predictability. Highlights and equipment: - Rig/Sails: Fractional sloop, 902 sq ft sail area; furling genoa; in-mast furling mainsail; adjustable vang; Harken winches. - Navigation/Electronics: Raymarine Axiom MFD at helm, Raymarine autopilot, AIS transceiver, wind/depth/speed instruments, VHF with DSC, radar on mast mount. - Systems: 5 kW diesel generator, 16,000 BTU air conditioning, water heater, battery charger/inverter, 12V/110V systems, LED cabin and navigation lighting. - Tankage: 200 L diesel; 570 L fresh water in multiple tanks; holding tank. - Interior: 3 private cabins, 1 large head with separate shower, L-shaped galley (stainless double sink, fridge/freezer, gimbaled oven/stove), convertible saloon berth for +1. - Deck/Cockpit: Dual helms, fold-down transom swim platform, cockpit table, bimini and dodger, anchor windlass with chain/rode, hot/cold cockpit shower. - Safety: Offshore-rated PFDs, jacklines, harness tethers, liferaft canister rack (raft not included), EPIRB, manual/automatic bilge pumps, fire extinguishers, flares per USCG. - Recent care: Bottom paint (2023), new house batteries (2023), running rigging inspected and replaced as needed (2024), engine serviced with new impeller/filters (2024). This Oceanis 41 stands out for her bright interior, easy sailhandling, and practical cruising upgrades—ideal for coastal cruising, Bahamas runs, or extended weekends with family and friends. Turn-key and ready to sail, located in the United States with a clean title and complete maintenance records.",2025-11-14T10:23:00Z
